{
    "train_acc_list": [
        49.94419642857143,
        51.729910714285715,
        53.06919642857143,
        53.794642857142854,
        54.35267857142857,
        54.771205357142854,
        55.00637755102041,
        55.064174107142854,
        55.03472222222222,
        55.005580357142854,
        55.088271103896105,
        55.15252976190476,
        55.159684065934066,
        55.2375637755102,
        55.282738095238095,
        55.37806919642857,
        55.44248949579832,
        55.41604662698413,
        55.407072368421055,
        55.42689732142857,
        55.43686224489796,
        55.48396915584416,
        55.56579968944099,
        55.68266369047619,
        55.796875,
        55.910885989010985,
        56.0474537037037,
        56.16430165816327,
        56.29618226600985,
        56.40625,
        56.47681451612903,
        56.55517578125,
        56.67275432900433,
        56.773568802521005,
        56.873405612244895,
        56.97854662698413,
        57.0644305019305,
        57.14726268796993,
        57.255895146520146,
        57.352120535714285,
        57.40282012195122,
        57.468377976190474,
        57.52699335548173,
        57.609577922077925,
        57.679811507936506,
        57.728794642857146,
        57.79943958966565,
        57.870628720238095,
        57.95599489795919,
        58.044642857142854,
        58.12106092436975,
        58.19775927197802,
        58.28525101078167,
        58.37983630952381,
        58.40097402597402,
        58.45623405612245,
        58.49193295739348,
        58.53409790640394,
        58.60037076271186,
        58.67094494047619,
        58.73463114754098,
        58.81516417050691,
        58.85593820861678,
        58.91200474330357,
        58.97493131868132,
        59.0427150974026,
        59.10431103411514,
        59.17148109243698,
        59.222955486542446,
        59.295280612244895,
        59.338059607645874,
        59.40445188492063,
        59.46673189823875,
        59.53486969111969,
        59.573660714285715,
        59.62758458646616,
        59.6837314471243,
        59.73843864468864,
        59.79882459312839,
        59.83119419642857,
        59.876543209876544,
        59.924869337979096,
        59.9585843373494,
        60.01674107142857,
        60.0735294117647,
        60.13873027408638,
        60.18639675697865,
        60.24693080357143,
        60.30547752808989
    ],
    "train_loss_list": [
        0.6901258528232574,
        0.6784485493387494,
        0.8059811549527305,
        1.462821559182235,
        2.0046809460435595,
        1.7779585321744282,
        1.6165028901732699,
        2.183285687650953,
        2.0138241426339225,
        1.883635665689196,
        1.9966565060925174,
        2.0103270546311425,
        1.91425148831619,
        1.8236748904598004,
        1.8854514139039176,
        1.8082288006054503,
        1.7475314488430984,
        1.6932427213778571,
        1.6455435091839696,
        1.5961308347327368,
        1.5563953504675911,
        1.5150247734862488,
        1.4771135682645051,
        1.4421843957333338,
        1.4099435406071799,
        1.3801802978083328,
        1.3525419180040006,
        1.3268616052002322,
        1.302614370149932,
        1.2823305090268453,
        1.2669781740359995,
        1.2470505149768931,
        1.2297770300984898,
        1.2119597986716182,
        1.1950990825283283,
        1.1791827611270405,
        1.1644490505047287,
        1.150395041121576,
        1.1367571836426145,
        1.1237512690680367,
        1.1157989327500506,
        1.104103608804495,
        1.09303745983843,
        1.0869619860858113,
        1.07657849135853,
        1.0685140340594772,
        1.0590103869199028,
        1.0512109958522378,
        1.0421846585440566,
        1.034813386457307,
        1.0274877140835887,
        1.0194717991155582,
        1.0116931321325329,
        1.0041586879699949,
        1.0005305291770341,
        0.9936546350316126,
        0.9874137665394852,
        0.9832604175130722,
        0.976943244368343,
        0.9707147864358766,
        0.9655604523015525,
        0.9597486692227526,
        0.9555673097131474,
        0.9507200097931283,
        0.9453704754729847,
        0.9402801644105416,
        0.9353411891567174,
        0.9305977095075014,
        0.9260115909156839,
        0.92135519452241,
        0.9170613910710548,
        0.9129947768080802,
        0.908711229518435,
        0.904456138495773,
        0.9016899767376128,
        0.8978146503966554,
        0.8939655162186703,
        0.8911012488079595,
        0.88735680451876,
        0.8845819344477994,
        0.8811177000587369,
        0.877914444754348,
        0.8747870831809643,
        0.8715129401408085,
        0.8682933366098324,
        0.8650956570706099,
        0.8622120445095651,
        0.8591600213344995,
        0.8561946835793424
    ],
    "val_acc_list": [
        53.645833333333336,
        57.291666666666664,
        57.8125,
        57.552083333333336,
        50.0,
        58.072916666666664,
        53.125,
        57.291666666666664,
        56.770833333333336,
        57.03125,
        59.114583333333336,
        55.989583333333336,
        56.510416666666664,
        57.8125,
        57.291666666666664,
        57.291666666666664,
        57.552083333333336,
        57.552083333333336,
        57.552083333333336,
        57.291666666666664,
        56.770833333333336,
        54.427083333333336,
        59.635416666666664,
        59.635416666666664,
        60.9375,
        60.677083333333336,
        56.510416666666664,
        57.03125,
        61.979166666666664,
        61.979166666666664,
        60.416666666666664,
        59.895833333333336,
        61.458333333333336,
        61.197916666666664,
        61.71875,
        62.760416666666664,
        63.28125,
        63.541666666666664,
        63.802083333333336,
        53.125,
        64.32291666666666,
        62.239583333333336,
        64.32291666666666,
        60.9375,
        63.802083333333336,
        63.802083333333336,
        61.979166666666664,
        64.0625,
        58.072916666666664,
        64.0625,
        63.802083333333336,
        64.32291666666666,
        65.10416666666666,
        64.0625,
        65.10416666666666,
        64.32291666666666,
        58.333333333333336,
        63.802083333333336,
        64.32291666666666,
        64.32291666666666,
        64.32291666666666,
        64.32291666666666,
        64.0625,
        65.10416666666666,
        66.40625,
        60.15625,
        64.58333333333334,
        64.84375,
        65.625,
        65.625,
        66.92708333333334,
        66.14583333333334,
        66.66666666666666,
        66.40625,
        65.88541666666666,
        66.40625,
        66.14583333333334,
        65.625,
        65.88541666666666,
        65.625,
        66.66666666666666,
        65.36458333333334,
        66.66666666666666,
        61.71875,
        65.88541666666666,
        66.66666666666666,
        66.14583333333334,
        67.1875,
        67.44791666666666
    ],
    "correct": 96180,
    "total": 159488,
    "total_loss": 136552.77769470215,
    "best_val_acc": 67.44791666666666,
    "total_epochs": 88,
    "test_acc": null
}