{
    "train_acc_list": [
        33.25053094660194,
        33.42142938410194,
        34.17510492516181,
        34.85380006067961,
        35.33430673543689,
        35.65661976638349,
        35.91582871012483,
        36.12499051881068,
        36.28387944983819
    ],
    "train_loss_list": [
        0.34317045159710263,
        0.36016294403562266,
        0.3500315679966632,
        0.34368681155814274,
        0.33901558030143525,
        0.3348276061955297,
        0.3307598986806304,
        0.3272342547792399,
        0.3242603587157454
    ],
    "val_acc_list": [
        33.302436440677965,
        34.52286370056497,
        36.35681497175141,
        37.396274717514125,
        38.02304025423729,
        37.1777895480226,
        37.23737641242938,
        38.03628177966102,
        38.69394420903955
    ],
    "correct": 688848,
    "total": 1898496,
    "total_loss": 615606.9939804077,
    "best_val_acc": 38.69394420903955,
    "total_epochs": 8,
    "test_acc": null
}