{
    "train_acc_list": [
        33.25053094660194,
        33.42142938410194,
        34.17510492516181,
        34.85380006067961,
        35.33430673543689,
        35.65661976638349,
        35.91582871012483,
        36.12499051881068,
        36.28387944983819,
        36.3891838592233,
        36.429918496248895,
        36.475122939421524,
        36.51767585418222,
        36.53454403606103,
        36.54363243325243,
        36.57122861991808,
        36.59872929754426,
        36.63270820691748,
        36.68918365961932,
        36.736479824029125,
        36.79459951456311,
        36.84784501186011,
        36.913918221032084,
        37.000361075293284,
        37.09045054611651,
        37.18595383681852,
        37.28288076456311,
        37.379741271888,
        37.477768245731504,
        37.56946551375405,
        37.65662313067648,
        37.74064443643811,
        37.82605235455281,
        37.90076150681753,
        37.974926317614425,
        38.05002749544903,
        38.116764177709264,
        38.18331929451967,
        38.248187391087875,
        38.3093735778216,
        38.365158525485434,
        38.40958466972954,
        38.44944188868819,
        38.48834934217785,
        38.526465159789645,
        38.56439747454095,
        38.602228603981615,
        38.63902662950041,
        38.674612935283335,
        38.713772375606794,
        38.74748283718827,
        38.78253141920276,
        38.816489970690604,
        38.84716287700018,
        38.87731513404678,
        38.90598418808513,
        38.93536057794669,
        38.966690947229665,
        38.99169640653283,
        39.020782766990294,
        39.048651246418906,
        39.07290636989117,
        39.09196693442749
    ],
    "train_loss_list": [
        0.34317045159710263,
        0.36016294403562266,
        0.3500315679966632,
        0.34368681155814274,
        0.33901558030143525,
        0.3348276061955297,
        0.3307598986806304,
        0.3272342547792399,
        0.3242603587157454,
        0.3216489740873425,
        0.31923127940149826,
        0.3169974328205592,
        0.31518713531903003,
        0.34468169707221064,
        0.34106254696387883,
        0.3378606146705581,
        0.33504453029851616,
        0.33248748953585805,
        0.33018383083367264,
        0.32809137372046854,
        0.3261862012755317,
        0.32441507567982836,
        0.3227786238782136,
        0.32126591583747044,
        0.3198472915973189,
        0.3185097431656894,
        0.31727232623822565,
        0.3161154834110543,
        0.31503566063205946,
        0.31401988266180586,
        0.31305573666727854,
        0.31214418097255636,
        0.3112749378362665,
        0.31044936006322826,
        0.30968772868926786,
        0.30895137509703835,
        0.30824827016053885,
        0.30757506467153567,
        0.30693048596700234,
        0.30631883667162574,
        0.30573257824095956,
        0.30589014634992057,
        0.30535618183016944,
        0.30483829447981514,
        0.3043426345648021,
        0.3038656875949531,
        0.3034023639215612,
        0.30295401159127644,
        0.30252355470761066,
        0.3021051650544972,
        0.3017057485126034,
        0.30132266760005977,
        0.30094620174697456,
        0.30058403114236676,
        0.300237514644973,
        0.29989787302804716,
        0.2995688678911538,
        0.2992474969989671,
        0.2989398109900857,
        0.2986430563083865,
        0.29835299940872595,
        0.2980706599031158,
        0.297798975584387
    ],
    "val_acc_list": [
        33.302436440677965,
        34.52286370056497,
        36.35681497175141,
        37.396274717514125,
        38.02304025423729,
        37.1777895480226,
        37.23737641242938,
        38.03628177966102,
        38.69394420903955,
        37.53531073446328,
        36.86440677966102,
        37.51765536723164,
        37.09392655367232,
        37.424964689265536,
        37.16675494350282,
        37.48013771186441,
        37.27930790960452,
        37.39406779661017,
        38.190766242937855,
        39.89892302259887,
        38.365112994350284,
        40.30720338983051,
        37.793520480225986,
        38.164283192090394,
        38.360699152542374,
        40.18361581920904,
        40.36899717514124,
        40.20127118644068,
        39.7753354519774,
        40.38444562146893,
        41.14804025423729,
        38.72263418079096,
        41.20321327683616,
        39.62967867231638,
        39.60098870056497,
        41.289283192090394,
        40.50361935028249,
        40.56099929378531,
        41.03328036723164,
        41.2451447740113,
        41.07079802259887,
        39.909957627118644,
        39.85699152542373,
        39.32733050847458,
        40.28954802259887,
        39.960716807909606,
        40.34472104519774,
        40.90527895480226,
        40.55217161016949,
        40.56320621468927,
        41.15907485875706,
        41.44376765536723,
        40.44403248587571,
        40.51465395480226,
        41.24293785310734,
        40.66031073446328,
        40.62058615819209,
        40.70224223163842,
        40.07768361581921,
        40.49920550847458,
        40.96265889830508,
        40.68679378531073,
        41.51218220338983
    ],
    "correct": 5195116,
    "total": 13289472,
    "total_loss": 3957591.1476573944,
    "best_val_acc": 41.51218220338983,
    "total_epochs": 62,
    "test_acc": null
}