{
    "train_acc_list": [
        92.28515625
    ],
    "train_loss_list": [
        1.6858511120080948
    ],
    "val_acc_list": [
        89.453125
    ],
    "correct": 1890,
    "total": 2048,
    "total_loss": 3452.623077392578,
    "best_val_acc": 89.453125,
    "total_epochs": 0,
    "test_acc": 0
}