{
    "train_acc_list": [
        10.035629453681711,
        13.638472387173397,
        15.858199722882027,
        17.203969343824227,
        18.618616389548695,
        19.632385688836106,
        20.787559382422803,
        21.812138138361046,
        22.695322809448403,
        23.497439133016627,
        24.21503859857482,
        24.8853331601346,
        25.497541910286863,
        26.060864332371903,
        26.55773703483769,
        27.049505455760094,
        27.506997083275117,
        27.93494531868567,
        28.381379703712962,
        28.814068067102138,
        29.26148413640991,
        29.69083182627942,
        30.106041193328515,
        30.51212700415677,
        30.921578087885987,
        31.296321144710397,
        31.663477610627254,
        32.00069721326773,
        32.31945951756901,
        32.658940766033254,
        32.96640343651828,
        33.267494618467936,
        33.54867896602606,
        33.82232866424479,
        34.08956672039362,
        34.341880897004486,
        34.58344032868973,
        34.8137999671834,
        35.03662867714233,
        35.25460213776722,
        35.455493055153234,
        35.65567650011311,
        35.84603121720157,
        36.026763421777154,
        36.20078269332278,
        36.3557184627698,
        36.520486146207105,
        36.68036019150831,
        36.834030672839205,
        36.97732333729216,
        37.112631572819154,
        37.24014837040928,
        37.375300413436115,
        37.499312703439784,
        37.61868049557331,
        37.738424404054975,
        37.855838750677165,
        37.96917233188631,
        38.07544020995209,
        38.174763707442594,
        38.277143121373776,
        38.378853871350856,
        38.47686441956038,
        38.57746622624703,
        38.67465855106888,
        38.77961810804002,
        38.87159825132059,
        38.9671906656071,
        39.06393884040759,
        39.149956523583306,
        39.23223127362751,
        39.320042907924254,
        39.4070248185989,
        39.49417610900687,
        39.57953533254157,
        39.65765496077635,
        39.73910775981738,
        39.820339621779645,
        39.898869009140384,
        39.977719993319475,
        40.04918294184921,
        40.12528469164591,
        40.196042483473086,
        40.266153874703086
    ],
    "train_loss_list": [
        1.1473568541986643,
        1.1918960183575713,
        1.1625108339913006,
        1.1403734495336824,
        1.1234102297565434,
        1.1173947592363977,
        1.1047532209854107,
        1.0935917432351379,
        1.083043058469447,
        1.074336614447365,
        1.0662316631302928,
        1.0595623012263438,
        1.0524580618885608,
        1.04595811066888,
        1.0401374014095948,
        1.0346414107970912,
        1.0293983393530282,
        1.0251008315824461,
        1.0202292025923834,
        1.0159721851702823,
        1.011584963987025,
        1.0079458974538316,
        1.0040476983439068,
        1.0007781325142626,
        0.9974800970039005,
        0.9942035402482549,
        0.9912311990442298,
        0.9885261784145538,
        0.9857940941558383,
        0.9829499652460276,
        0.9802362458745727,
        0.9778423100851494,
        0.9755064802096693,
        0.9734064941197547,
        0.971247466687716,
        0.9693117830838431,
        0.9673699778073895,
        0.9656679348891818,
        0.9639596923821823,
        0.9624704551102147,
        0.9610539023324102,
        0.9595748359039754,
        0.9581774060076748,
        0.9567599649052593,
        0.955672198016463,
        0.9548680485818402,
        0.953694953885683,
        0.9526288742074184,
        0.9515799387276008,
        0.9505657004941954,
        0.9495987512261838,
        0.9487133638791382,
        0.9479093625256682,
        0.9471972491898595,
        0.9463477784821241,
        0.9455891646518115,
        0.9448293754583738,
        0.9441749629785724,
        0.9435672536555338,
        0.9429574170132903,
        0.9423182469818303,
        0.941666845642427,
        0.9410909047153019,
        0.9403792948897866,
        0.9397037167675901,
        0.9389844372732322,
        0.9382330729163314,
        0.9374443129729388,
        0.9367087275562338,
        0.9359803421814077,
        0.935276815225128,
        0.9344803524889617,
        0.9336786909835025,
        0.9328873504703921,
        0.9320992309803634,
        0.9313337756277755,
        0.9306072598563921,
        0.9298679070335423,
        0.9291034249773157,
        0.9283688897457231,
        0.9276763275149896,
        0.926995269245016,
        0.9263087510610594,
        0.9256351046907175
    ],
    "val_acc_list": [
        14.531250000000002,
        20.889756944444443,
        20.889756944444443,
        23.914930555555554,
        25.785590277777775,
        29.00173611111111,
        29.626736111111114,
        29.913194444444446,
        30.260416666666668,
        29.1796875,
        30.086805555555557,
        33.48524305555556,
        34.39670138888889,
        35.05642361111111,
        34.431423611111114,
        37.018229166666664,
        36.44965277777778,
        38.294270833333336,
        38.79774305555556,
        37.291666666666664,
        38.806423611111114,
        39.96961805555556,
        39.05381944444444,
        40.5859375,
        42.048611111111114,
        42.64756944444444,
        43.53298611111111,
        44.036458333333336,
        41.618923611111114,
        44.24913194444444,
        43.767361111111114,
        46.25434027777778,
        43.94097222222222,
        45.59461805555556,
        43.55902777777778,
        45.5078125,
        45.329861111111114,
        43.68055555555556,
        45.295138888888886,
        46.24565972222222,
        45.22569444444444,
        46.04600694444444,
        44.388020833333336,
        45.47309027777778,
        43.671875,
        44.34027777777778,
        46.497395833333336,
        44.231770833333336,
        45.82465277777778,
        43.44184027777778,
        47.13975694444444,
        46.12847222222222,
        46.31944444444444,
        45.24739583333333,
        45.0,
        43.93663194444444,
        45.57725694444444,
        47.10503472222222,
        45.67274305555556,
        43.79340277777778,
        45.51649305555556,
        46.306423611111114,
        47.56076388888889,
        46.49305555555556,
        46.57986111111111,
        46.623263888888886,
        45.525173611111114,
        47.083333333333336,
        43.84982638888889,
        46.97048611111111,
        49.37934027777778,
        46.82725694444444,
        47.88194444444444,
        47.81684027777778,
        48.72829861111111,
        48.033854166666664,
        47.27430555555556,
        47.87326388888889,
        48.693576388888886,
        48.02517361111111,
        47.75607638888889,
        47.50434027777778,
        48.46788194444444,
        49.45746527777778
    ],
    "correct": 3645369,
    "total": 9053184,
    "total_loss": 8379944.919624329,
    "best_val_acc": 49.45746527777778,
    "total_epochs": 83,
    "test_acc": null
}