{
    "train_acc_list": [
        33.885316985645936,
        33.88204620215311,
        33.88220195374801,
        33.88099487888756,
        33.879896830143544,
        33.87986567982456,
        33.88351471719071,
        34.06024549566388,
        34.4301360645933,
        34.928696919856456,
        35.457416947585905,
        35.94104334878389,
        36.36550538277512,
        36.73890870642516,
        37.10417289673046,
        37.44118430397727,
        37.73516658457641,
        38.007646364965446,
        38.26194499968522,
        38.50604627691388,
        38.71341617538164,
        38.92124038304698,
        39.0763551201373,
        39.24367804276316,
        39.43406100478469,
        39.593229550055206,
        39.729307189216726,
        39.85965335035031,
        39.99612339651048,
        40.119212270733655,
        40.230471161637595,
        40.33736087488786,
        40.44333700340728,
        40.5516684843794,
        40.64307608509911,
        40.74148921368288,
        40.83611076312557,
        40.93156832347016,
        41.00994605723224,
        41.09134363785885,
        41.171300618508575,
        41.24362308470039,
        41.30921313424947,
        41.37868196770335,
        41.44858328349282,
        41.504576659038904,
        41.560086181665476,
        41.62576240405702,
        41.69210503429841,
        41.747392718301434,
        41.79779118585233,
        41.84888405180346,
        41.90370002313352,
        41.95647712043682
    ],
    "train_loss_list": [
        0.3646662796370721,
        0.3495870303523027,
        0.34518529456910907,
        0.34240773634352323,
        0.34078290479961765,
        0.339564594198048,
        0.33867342859221417,
        0.3377751786858913,
        0.3363831279099241,
        0.3344992831527616,
        0.33225037869051416,
        0.33596499850067413,
        0.33369218909349957,
        0.33160821796711265,
        0.3296972444800859,
        0.3279871605080441,
        0.3264316492193674,
        0.32499305830633685,
        0.3236236298661768,
        0.3222752480148271,
        0.32093211149596956,
        0.3196077095535059,
        0.4388359884067127,
        0.4328974009279096,
        0.42719756259230907,
        0.42190535183287103,
        0.4169933920488192,
        0.4124358136191587,
        0.4081781168385782,
        0.4041988881230592,
        0.40045504923378045,
        0.39693819435979527,
        0.3936053930128357,
        0.39045194386408394,
        0.3874612810417388,
        0.3846280539897506,
        0.3819356530983775,
        0.379372643515584,
        0.3769330192403462,
        0.37460809824364394,
        0.3723907676713548,
        0.3703247435154564,
        0.36830030183808465,
        0.36636747773505807,
        0.36451381335984606,
        0.36273709258550146,
        0.3610335846311049,
        0.3593998515914956,
        0.3578294438959556,
        0.3563179626189279,
        0.3548644563258855,
        0.35346817935535524,
        0.3521220267719971,
        0.3508250860932402
    ],
    "val_acc_list": [
        33.14890226628896,
        33.179886685552404,
        33.17103399433427,
        33.179886685552404,
        33.18209985835694,
        33.16218130311614,
        33.82391997167139,
        36.076929886685555,
        37.90943696883853,
        39.37898371104816,
        40.859596317280456,
        40.45015934844193,
        39.60030099150141,
        42.225123937677054,
        41.15394830028329,
        41.118537535410766,
        40.844104107648725,
        42.585871104815865,
        43.278594192634564,
        41.25796742209632,
        43.2409702549575,
        41.72937322946176,
        38.681834277620396,
        43.969104107648725,
        41.59879603399433,
        42.0923335694051,
        43.522043201133144,
        42.78948300283286,
        41.56781161473088,
        40.866235835694056,
        42.95989730878187,
        42.747432719546744,
        43.796476628895185,
        43.80090297450425,
        42.3645538243626,
        44.09746813031161,
        42.25832152974504,
        44.17271600566573,
        43.944759206798864,
        43.1657223796034,
        42.29815864022663,
        43.60171742209632,
        43.885003541076486,
        42.91342067988669,
        42.94661827195468,
        43.9469723796034,
        43.555240793201136,
        43.0572769121813,
        44.4427230878187,
        42.80497521246459,
        43.93811968838527,
        43.614996458923514,
        44.225832152974505,
        44.575513456090654
    ],
    "correct": 4848853,
    "total": 11556864,
    "total_loss": 4054437.807767868,
    "best_val_acc": 44.575513456090654,
    "total_epochs": 53,
    "test_acc": null
}